{"model": {"accuracy": 1, "average_kendalls_tau_b": 0.72019, "average_f_measure": 1, "average_max_phi": 1, "confusion_matrix": [[25, 0], [0, 15]], "average_spearmans_rho": 0.84339, "average_area_under_pr_curve": 1, "average_balanced_accuracy": 1, "average_recall": 1, "average_precision": 1, "average_phi": 1, "per_class_statistics": [{"accuracy": 1, "area_under_pr_curve": 1, "f_measure": 1, "max_phi": [1, 0.19409], "lift_curve": [[0, 0, 0.99029], [0.175, 1.6, 0.98393], [0.225, 1.6, 0.98011], [0.325, 1.6, 0.97801], [0.4, 1.6, 0.95359], [0.45, 1.6, 0.94778], [0.55, 1.6, 0.89557], [0.575, 1.6, 0.86076], [0.6, 1.6, 0.79114], [0.625, 1.6, 0.19409], [0.65, 1.53846, 0.08318], [0.675, 1.48148, 0.0647], [0.7, 1.42857, 0.04159], [0.775, 1.29032, 0.02426], [0.875, 1.14286, 0.01664], [1, 1, null]], "precision": 1, "spearmans_rho": 0.84339, "kendalls_tau_b": 0.72019, "recall": 1, "per_threshold_confusion_matrices": [[[25, 15, 0, 0], null], [[25, 10, 5, 0], 0.01664], [[25, 6, 9, 0], 0.02426], [[25, 3, 12, 0], 0.04159], [[25, 2, 13, 0], 0.0647], [[25, 1, 14, 0], 0.08318], [[25, 0, 15, 0], 0.19409], [[24, 0, 15, 1], 0.79114], [[23, 0, 15, 2], 0.86076], [[22, 0, 15, 3], 0.89557], [[18, 0, 15, 7], 0.94778], [[16, 0, 15, 9], 0.95359], [[13, 0, 15, 12], 0.97801], [[9, 0, 15, 16], 0.98011], [[7, 0, 15, 18], 0.98393], [[0, 0, 15, 25], 0.99029]], "phi_coefficient": 1, "area_under_roc_curve": 1, "balanced_accuracy": 1, "present_in_test_data": true, "class_name": "false", "roc_curve": [[0, 0, 0.99029], [0, 0.28, 0.98393], [0, 0.36, 0.98011], [0, 0.52, 0.97801], [0, 0.64, 0.95359], [0, 0.72, 0.94778], [0, 0.88, 0.89557], [0, 0.92, 0.86076], [0, 0.96, 0.79114], [0, 1, 0.19409], [0.06667, 1, 0.08318], [0.13333, 1, 0.0647], [0.2, 1, 0.04159], [0.4, 1, 0.02426], [0.66667, 1, 0.01664], [1, 1, null]], "gain_curve": [[0, 0, 0.99029], [0.175, 0.28, 0.98393], [0.225, 0.36, 0.98011], [0.325, 0.52, 0.97801], [0.4, 0.64, 0.95359], [0.45, 0.72, 0.94778], [0.55, 0.88, 0.89557], [0.575, 0.92, 0.86076], [0.6, 0.96, 0.79114], [0.625, 1, 0.19409], [0.65, 1, 0.08318], [0.675, 1, 0.0647], [0.7, 1, 0.04159], [0.775, 1, 0.02426], [0.875, 1, 0.01664], [1, 1, null]], "pr_curve": [[0, 1, 0.99029], [0.28, 1, 0.98393], [0.36, 1, 0.98011], [0.52, 1, 0.97801], [0.64, 1, 0.95359], [0.72, 1, 0.94778], [0.88, 1, 0.89557], [0.92, 1, 0.86076], [0.96, 1, 0.79114], [1, 1, 0.19409], [1, 0.96154, 0.08318], [1, 0.92593, 0.0647], [1, 0.89286, 0.04159], [1, 0.80645, 0.02426], [1, 0.71429, 0.01664], [1, 0.625, null]], "ks_statistic": [1, 0.19409], "negative_cdf": [[0, 0, 0.99029], [0.175, 0, 0.98393], [0.225, 0, 0.98011], [0.325, 0, 0.97801], [0.4, 0, 0.95359], [0.45, 0, 0.94778], [0.55, 0, 0.89557], [0.575, 0, 0.86076], [0.6, 0, 0.79114], [0.625, 0, 0.19409], [0.65, 0.06667, 0.08318], [0.675, 0.13333, 0.0647], [0.7, 0.2, 0.04159], [0.775, 0.4, 0.02426], [0.875, 0.66667, 0.01664], [1, 1, null]]}, {"accuracy": 1, "area_under_pr_curve": 1, "f_measure": 1, "max_phi": [1, 0.20886], "lift_curve": [[0, 0, 0.98336], [0.125, 2.66667, 0.97574], [0.225, 2.66667, 0.95841], [0.3, 2.66667, 0.9353], [0.325, 2.66667, 0.91682], [0.35, 2.66667, 0.80591], [0.375, 2.66667, 0.20886], [0.4, 2.5, 0.13924], [0.425, 2.35294, 0.10443], [0.45, 2.22222, 0.05222], [0.55, 1.81818, 0.04641], [0.6, 1.66667, 0.02199], [0.675, 1.48148, 0.01989], [0.775, 1.29032, 0.01607], [0.825, 1.21212, 0.00971], [1, 1, null]], "precision": 1, "spearmans_rho": 0.84339, "kendalls_tau_b": 0.72019, "recall": 1, "per_threshold_confusion_matrices": [[[15, 25, 0, 0], null], [[15, 18, 7, 0], 0.00971], [[15, 16, 9, 0], 0.01607], [[15, 12, 13, 0], 0.01989], [[15, 9, 16, 0], 0.02199], [[15, 7, 18, 0], 0.04641], [[15, 3, 22, 0], 0.05222], [[15, 2, 23, 0], 0.10443], [[15, 1, 24, 0], 0.13924], [[15, 0, 25, 0], 0.20886], [[14, 0, 25, 1], 0.80591], [[13, 0, 25, 2], 0.91682], [[12, 0, 25, 3], 0.9353], [[9, 0, 25, 6], 0.95841], [[5, 0, 25, 10], 0.97574], [[0, 0, 25, 15], 0.98336]], "phi_coefficient": 1, "area_under_roc_curve": 1, "balanced_accuracy": 1, "present_in_test_data": true, "class_name": "true", "roc_curve": [[0, 0, 0.98336], [0, 0.33333, 0.97574], [0, 0.6, 0.95841], [0, 0.8, 0.9353], [0, 0.86667, 0.91682], [0, 0.93333, 0.80591], [0, 1, 0.20886], [0.04, 1, 0.13924], [0.08, 1, 0.10443], [0.12, 1, 0.05222], [0.28, 1, 0.04641], [0.36, 1, 0.02199], [0.48, 1, 0.01989], [0.64, 1, 0.01607], [0.72, 1, 0.00971], [1, 1, null]], "gain_curve": [[0, 0, 0.98336], [0.125, 0.33333, 0.97574], [0.225, 0.6, 0.95841], [0.3, 0.8, 0.9353], [0.325, 0.86667, 0.91682], [0.35, 0.93333, 0.80591], [0.375, 1, 0.20886], [0.4, 1, 0.13924], [0.425, 1, 0.10443], [0.45, 1, 0.05222], [0.55, 1, 0.04641], [0.6, 1, 0.02199], [0.675, 1, 0.01989], [0.775, 1, 0.01607], [0.825, 1, 0.00971], [1, 1, null]], "pr_curve": [[0, 1, 0.98336], [0.33333, 1, 0.97574], [0.6, 1, 0.95841], [0.8, 1, 0.9353], [0.86667, 1, 0.91682], [0.93333, 1, 0.80591], [1, 1, 0.20886], [1, 0.9375, 0.13924], [1, 0.88235, 0.10443], [1, 0.83333, 0.05222], [1, 0.68182, 0.04641], [1, 0.625, 0.02199], [1, 0.55556, 0.01989], [1, 0.48387, 0.01607], [1, 0.45455, 0.00971], [1, 0.375, null]], "ks_statistic": [1, 0.20886], "negative_cdf": [[0, 0, 0.98336], [0.125, 0, 0.97574], [0.225, 0, 0.95841], [0.3, 0, 0.9353], [0.325, 0, 0.91682], [0.35, 0, 0.80591], [0.375, 0, 0.20886], [0.4, 0.04, 0.13924], [0.425, 0.08, 0.10443], [0.45, 0.12, 0.05222], [0.55, 0.28, 0.04641], [0.6, 0.36, 0.02199], [0.675, 0.48, 0.01989], [0.775, 0.64, 0.01607], [0.825, 0.72, 0.00971], [1, 1, null]]}], "average_ks_statistic": 1, "average_area_under_roc_curve": 1}, "mode": {"accuracy": 0.625, "average_kendalls_tau_b": 0, "average_f_measure": 0.38462, "average_max_phi": 0, "confusion_matrix": [[25, 0], [15, 0]], "average_spearmans_rho": 0, "average_area_under_pr_curve": 0, "average_balanced_accuracy": 0.5, "average_recall": 0.5, "average_precision": 0.3125, "average_phi": 0, "per_class_statistics": [{"accuracy": 0.625, "phi_coefficient": 0, "balanced_accuracy": 0.5, "present_in_test_data": true, "precision": 0.625, "class_name": "false", "f_measure": 0.76923, "recall": 1}, {"accuracy": 0.625, "phi_coefficient": 0, "balanced_accuracy": 0.5, "present_in_test_data": true, "precision": 0, "class_name": "true", "f_measure": 0, "recall": 0}], "average_ks_statistic": 0, "average_area_under_roc_curve": 0}, "random": {"accuracy": 0.55, "average_kendalls_tau_b": 0, "average_f_measure": 0.54887, "average_max_phi": 0, "confusion_matrix": [[12, 13], [5, 10]], "average_spearmans_rho": 0, "average_area_under_pr_curve": 0, "average_balanced_accuracy": 0.57333, "average_recall": 0.57333, "average_precision": 0.57033, "average_phi": 0.14363, "per_class_statistics": [{"accuracy": 0.55, "phi_coefficient": 0.14363, "balanced_accuracy": 0.57333, "present_in_test_data": true, "precision": 0.70588, "class_name": "false", "f_measure": 0.57143, "recall": 0.48}, {"accuracy": 0.55, "phi_coefficient": 0.14363, "balanced_accuracy": 0.57333, "present_in_test_data": true, "precision": 0.43478, "class_name": "true", "f_measure": 0.52632, "recall": 0.66667}], "average_ks_statistic": 0, "average_area_under_roc_curve": 0}, "class_names": ["false", "true"]}